[
  {
    "serviceTitle":"Car Washing",
    "seviceImg":"https://media.gettyimages.com/photos/black-mechanic-working-on-car-picture-id142457807",
    "servicePrice":"$ 2500",
    "worker":"Misbah Hasan",
    "discount":"10%",
    "discountPost":"OFF",
    "serviceKey":"BDG64HRSRDF",
    "serviceDescription":"Lorem, ipsum dolor sit amet consectetur adipisicing elit. Animi, reiciendis quia. Possimus, aspernatur nisi, ut quae excepturi rem dolores recusandae hic eos dolor at, dicta earum nostrum "
  },
  {
    "serviceTitle":"Body Painting",
    "seviceImg":"https://media.gettyimages.com/photos/black-mechanic-working-on-car-picture-id142457807",
    "servicePrice":"$ 3000",
    "worker":"Musaddek Mahmud",
    "discount":"14%",
    "discountPost":"OFF",
    "serviceKey":"YXERMS65VFSS",
    "serviceDescription":"Lorem, ipsum dolor sit amet consectetur adipisicing elit. Animi, reiciendis quia. Possimus, aspernatur nisi, ut quae excepturi rem dolores recusandae hic eos dolor at, dicta earum nostrum "

  },
  {
    "serviceTitle":"Oill Changing",
    "seviceImg":"https://media.gettyimages.com/photos/black-mechanic-working-on-car-picture-id142457807",
    "servicePrice":"$ 1200",
    "worker":"Munayeem",
    "discount":"14%",
    "discountPost":"OFF",
    "serviceKey":"BBHDGS653NBY",
    "serviceDescription":"Lorem, ipsum dolor sit amet consectetur adipisicing elit. Animi, reiciendis quia. Possimus, aspernatur nisi, ut quae excepturi rem dolores recusandae hic eos dolor at, dicta earum nostrum "

  }
]